CUSTOMER_ID,x_customer_id,y_customer_id,mean_amount,std_amount,mean_nb_tx_per_day,available_terminals,nb_terminals
0,54.88135039273247,71.51893663724195,62.262520726806166,31.131260363403083,2.1795327319875875,"[29, 87, 144, 241, 330, 858, 996]",7
1,42.36547993389047,64.58941130666561,46.57078506995579,23.285392534977895,3.567092003128319,"[5, 160, 242, 378, 431, 475, 571, 762, 876, 936, 943, 958]",12
2,96.36627605010293,38.34415188257777,80.21387861785314,40.10693930892657,2.115579679011618,"[316, 406, 447, 523, 968]",5
3,56.80445610939323,92.5596638292661,11.74842552879926,5.87421276439963,0.34851719880616283,"[65, 94, 113, 364, 401, 433, 485, 651, 672, 772, 874, 898, 925, 982]",14
4,2.021839744032572,83.2619845547938,78.9248913402358,39.4624456701179,3.4800485929872766,"[372, 614, 774]",3
5,97.8618342232764,79.91585642167236,48.84053941402853,24.420269707014263,3.122116705145822,"[79, 200, 266, 480, 568, 741]",6
6,11.827442586893323,63.99210213275238,18.618562303859406,9.309281151929703,3.7786756681983356,"[163, 172, 205, 429, 468, 607, 750, 786, 881, 973, 986]",11
7,52.184832175007166,41.46619399905236,30.132783149939563,15.066391574969781,3.0969347577368667,"[563, 612, 700, 705, 859]",5
8,45.615033221654855,56.84339488686485,6.785031041453738,3.392515520726869,2.4705419883035082,"[8, 46, 115, 117, 190, 431, 648, 891, 937, 958, 978]",11
9,61.20957227224214,61.69339968747569,94.6560674588893,47.32803372944465,2.7272811964139336,"[84, 128, 314, 415, 547, 797, 809, 824, 983]",9
10,35.9507900573786,43.703195379934144,71.27496361309016,35.63748180654508,0.24090188651707933,"[134, 446, 610]",3
11,66.67667154456677,67.06378696181594,24.986343302014884,12.493171651007442,0.5157051906194132,"[44, 282, 439, 573, 670, 779, 919]",7
12,31.542835092418386,36.37107709426226,59.168693189698566,29.584346594849283,1.7544060538492814,"[565, 690, 808]",3
13,98.83738380592261,10.204481074802807,24.843291829009296,12.421645914504648,0.645238071539985,"[370, 453, 685, 785, 827]",5
14,65.31083254653984,25.329160253978213,49.2995234213491,24.64976171067455,0.977702368006411,"[88, 90, 141, 404, 410, 411, 723, 815, 829, 915, 933]",11
15,15.896958364551972,11.037514116430513,67.35131099920098,33.67565549960049,0.5527318053944552,"[2, 55, 106, 210, 224, 416, 470, 490, 954]",9
16,19.65823616800535,36.872517066096414,82.99435683555383,41.497178417776915,0.3884051031722451,"[3, 110, 420, 460, 508, 577, 987]",7
17,83.7944907498804,9.609840789396307,97.7636491762726,48.8818245881363,1.8746048065908063,"[363, 517, 530, 897]",4
18,97.67610881903371,60.4845519745046,75.23004004283865,37.615020021419326,0.1567511690172827,"[34, 182, 368, 428, 522, 561, 601, 748, 805, 832]",10
19,28.280696257640958,12.01965612131689,33.13331876460377,16.566659382301886,0.4749108758169762,"[24, 156, 180, 381, 543, 555, 740, 994]",8
20,31.798317939397602,41.426299451466996,11.094012153134514,5.547006076567257,2.7698884774800794,[565],1
21,56.660145420657514,26.53894909394454,54.708565079336466,27.354282539668233,0.3757620430337667,"[244, 349, 564, 918, 972]",5
22,57.59464955561793,92.92961975762141,35.264050482875746,17.632025241437873,2.6696415198547268,"[65, 99, 364, 401, 433, 485, 497, 545, 651, 672, 772, 874, 898, 925, 982]",15
23,13.179786240439217,71.63272041185655,32.4935788299841,16.24678941499205,0.7327654480284673,"[165, 186, 310, 461, 468, 715, 973]",7
24,58.65129348100832,2.0107546187493552,83.7493027756495,41.87465138782475,0.018781904770188262,"[66, 74, 220, 262, 328, 437, 729]",7
25,67.781653679623,27.000797319216485,74.84343210164651,37.42171605082326,3.848754180469753,"[17, 88, 141, 254, 404, 410, 411, 815]",8
26,24.875314351995804,57.61573344178369,61.24398347082471,30.621991735412355,2.2890076231634935,"[129, 288, 403, 529, 542, 566, 632, 636, 784, 875]",10
27,22.308163264061832,95.2749011516985,47.4769109686746,23.7384554843373,3.3856346898845113,"[302, 380, 450, 521, 525, 657, 719, 833, 850, 914, 931]",11
28,69.94792753175044,29.743695085513366,82.31079287173533,41.155396435867665,1.5860229633879386,"[17, 88, 141, 291, 410, 828]",6
29,88.11031971111616,58.12728726358587,88.76485937621102,44.38242968810551,2.7701263603110635,"[40, 48, 62, 181, 335, 393, 552, 553, 618, 839, 951]",11
30,72.52542798196406,50.13243819267023,95.82794529870627,47.913972649353134,2.5759607969185496,"[276, 306, 340, 367, 642, 659, 689, 701, 738, 961]",10
31,42.38550485581797,60.639321412792434,6.8233538393866855,3.4116769196933427,1.2062992666981973,"[8, 46, 160, 190, 242, 431, 876, 958]",8
32,66.01735374926851,29.007760721044406,63.71146575488994,31.85573287744497,1.7150748037830645,"[17, 88, 141, 410, 633, 829]",6
33,13.547406422245023,29.828232595603076,59.146666516620165,29.573333258310083,2.363491044992693,"[64, 231, 277, 350]",4
34,57.43252488495788,65.32008198571336,66.94981065016044,33.47490532508022,1.7256737417358958,"[29, 128, 164, 241, 415, 547, 583, 788, 809, 908, 913]",11
35,89.6546595851063,36.75618700478965,46.40716790023455,23.203583950117274,3.5676934200626884,"[38, 51, 228, 235, 406, 449, 717, 773, 867, 968]",10
36,80.61939890460857,70.38885835403663,14.521554294668606,7.260777147334303,3.677930454978694,"[175, 206, 385, 569, 817]",5
37,71.42412995491114,99.88470065678665,19.197588942509405,9.598794471254703,3.472504229472857,"[54, 337]",2
38,16.249293467637482,61.55595642838442,16.762898370696945,8.381449185348472,3.3920329172889376,"[78, 93, 163, 225, 311, 429, 557, 607, 750]",9
39,80.73189587250107,56.91007386145933,43.68241323646997,21.841206618234985,0.2766679818205522,"[122, 169, 260, 448, 895, 939, 951]",7
40,69.74287731445636,45.35426826780689,73.59528194968306,36.79764097484153,3.4655293037145167,"[31, 133, 268, 306, 505, 556, 689, 701, 738, 751, 885, 961]",12
41,97.55215050028858,85.5803342392611,6.112837997575188,3.056418998787594,1.4399122579134556,"[79, 248, 261, 339, 480, 699, 887, 890, 960, 991]",10
42,72.9990562424058,17.162967726144053,54.49847758939228,27.24923879469614,0.21735195335701452,"[158, 189, 312, 333, 407, 629, 924]",7
43,19.999652489640006,1.8521794460613972,80.40128181895496,40.20064090947748,0.8956987522415205,"[82, 586, 763]",3
44,34.53516806969027,92.80812934655908,71.91936818273561,35.959684091367805,0.1273557181252314,"[112, 120, 247, 371, 500, 616, 697, 712, 803, 894, 901, 949]",12
45,16.469415649791273,62.14784014997635,59.83671591739592,29.91835795869796,0.9515712854980345,"[93, 163, 225, 311, 429, 557, 607, 750, 986]",9
46,93.42139979247938,61.3965955965896,55.88511628737104,27.94255814368552,2.359639905418284,"[34, 52, 101, 182, 368, 428, 522, 552, 601, 748, 805, 832, 839]",13
47,73.01220295167697,31.194499547960184,42.83100091052873,21.415500455264365,0.8393749959004886,"[17, 41, 207, 273, 291, 441, 695, 703, 828]",9
48,18.619300588033617,94.43723899839335,75.25732552968232,37.62866276484116,1.9618352344702683,"[302, 380, 525, 657, 719, 833, 931]",7
49,22.741462797332325,25.435648177039294,10.512770230768183,5.2563851153840915,1.737666502232483,"[26, 176, 192, 203, 487, 533, 732, 855, 883, 904, 977]",11
50,31.179588199410258,69.63434888154595,40.886424732785684,20.443212366392842,0.7184147102385392,"[11, 295, 315, 354, 396, 498, 594, 984]",8
51,2.467872839133123,6.724963146324859,69.5423134823639,34.77115674118195,1.8147873782241812,"[60, 72, 211, 299, 477, 482, 686, 709, 804]",9
52,53.65792111087222,89.6671293040342,99.08220000268692,49.54110000134346,0.8675879375938957,"[94, 113, 245, 401, 417, 485, 730, 772, 898, 925]",10
53,66.30782031001007,26.332237673715063,6.961844949244225,3.4809224746221124,3.033514615344566,"[88, 141, 254, 404, 410, 411, 815, 829]",8
54,32.00171508224678,38.3463894171898,60.890125787592545,30.445062893796273,3.3241938209447617,"[565, 690]",2
55,62.89818435911487,87.26506554473953,30.986493307485397,15.493246653742698,3.192187335650255,"[81, 113, 197, 539, 599, 683, 801]",7
56,18.56359443059522,95.27916569719446,70.31138625684245,35.15569312842123,0.8620307084542338,"[302, 380, 657, 719, 833, 931]",6
57,94.73705904889242,73.08558067701578,29.124456046527452,14.562228023263726,0.8532479094699279,"[20, 56, 266, 568, 682, 783, 794]",7
58,51.82007139306633,2.5662718054531575,24.709657166905394,12.354828583452697,1.698741875006025,"[27, 66, 74, 221, 443, 454, 676, 734]",8
59,37.41699803342256,46.35754243648107,31.374727097999532,15.687363548999766,2.347137385832675,"[102, 379, 446, 610, 626, 889]",6
60,86.38556059232315,11.75318559620331,54.151015179640844,27.075507589820422,0.5282724253806133,"[35, 517, 661]",3
61,71.68596811925937,39.60597028072937,58.71502462655835,29.357512313279177,0.7331193448563145,"[31, 556]",2
62,14.484775934337723,48.80562806489546,38.78321009574579,19.391605047872893,3.761727781011252,"[107, 152, 157, 418, 816, 990]",6
63,76.53252538069653,74.86636198505472,90.85337527586368,45.42668763793184,0.3336897417680742,"[39, 96, 175, 501, 569, 575, 587, 834, 905]",9
64,55.219246992240656,58.44760689557689,96.38395596198676,48.19197798099338,1.1685901071701954,"[128, 668, 908, 913]",4
65,24.08287799154468,10.029394226549782,6.560814811190049,3.2804074055950245,3.718117267168762,"[95, 156, 161, 323, 543, 620, 662, 954, 994]",9
66,66.99165465909101,78.51529120231378,31.764360046625164,15.882180023312582,2.3456406647453067,"[300, 341, 458, 776, 893]",5
67,6.395526612098113,48.56275959346229,97.86203827572244,48.93101913786122,3.506020981266363,"[83, 194, 520, 570, 752]",5
68,33.81589518368456,96.15701545414986,27.01165451476443,13.505827257382215,3.7972752896627258,"[85, 112, 126, 247, 371, 391, 603, 616, 697, 712, 894, 901]",12
69,94.13777047064985,79.92025873523917,64.89255400234515,32.446277001172575,3.497151866499788,"[200, 248, 266, 682, 741, 887, 964]",7
70,29.302028450779673,84.89435553129182,63.69828573216476,31.84914286608238,0.05294743103559796,"[120, 142, 159, 168, 240, 304, 348, 397, 421, 540, 578, 588, 826, 877]",14
71,34.72335179322196,14.814086094816503,98.27379203273405,49.136896016367025,1.9134812281599523,"[180, 251, 325, 388, 408, 555, 598, 724]",8
72,49.73913654986627,63.94725163987236,40.01553758231366,20.00776879115683,0.5476010867423957,"[117, 164, 242, 278, 510, 714, 762, 913, 920, 936]",10
73,82.21177331942455,18.984791190275796,53.57530334191332,26.78765167095666,0.897268115898957,"[67, 253, 290, 318, 329, 407, 661, 757]",8
74,9.784448449403405,86.21915174216834,97.42735145719737,48.71367572859869,3.8433386322520007,"[320, 531, 535, 630, 634, 688, 769, 818]",8
75,90.6555499221179,77.40473326986388,36.64878944272098,18.32439472136049,0.32440555995198705,"[682, 741, 964]",3
76,40.72411714138073,23.223414217094273,17.586325302008383,8.793162651004192,0.21370872714730105,"[47, 246, 389, 464, 862]",5
77,72.55943642105788,1.1427458625031028,78.20517110776375,39.10258555388187,0.5877865816015002,"[692, 872, 962]",3
78,7.952208258675575,8.960303423860537,68.84454169862187,34.422270849310934,0.9814688394113791,"[71, 72, 263, 482, 686, 789, 840, 878]",8
79,42.05394666800984,55.73687913239169,86.75236151373541,43.376180756867704,2.908177050845313,"[4, 8, 46, 115, 190, 236, 431, 492, 937, 958, 978]",11
80,27.032790523871462,13.14827992911276,10.260560440013805,5.130280220006902,1.20639453792377,"[24, 156, 161, 180, 229, 381, 543, 620, 740, 782]",10
81,26.211814923967825,45.614056680047966,69.91172687702964,34.95586343851482,2.782501782555429,"[80, 355, 445, 585, 825]",5
82,28.351884658216665,37.99269559001205,22.209341365005788,11.104670682502894,3.154182049226075,"[565, 754]",2
83,5.68480764332403,69.69972417249873,78.97606261440482,39.48803130720241,3.1096302473950126,"[7, 25, 201, 504, 770, 852, 884]",7
84,25.942256434535494,37.38131379325614,60.821965343656956,30.410982671828478,1.091287609697868,"[565, 754, 854]",3
85,37.085279921788874,19.705428018563964,48.6863089568207,24.34315447841035,0.17844920501645634,"[37, 153, 440, 724, 862]",5
86,79.9795884570618,7.695644698663273,54.289339138994976,27.144669569497488,1.2272403981807845,"[91, 174, 317, 326, 363, 530, 649, 678, 916]",9
87,57.75429488313755,95.9433340833425,66.32917322332037,33.164586611660184,0.14144974302196367,"[65, 99, 259, 364, 433, 497, 545, 651, 672, 673, 702, 845, 851, 874, 969, 982]",16
88,43.04024395080612,51.00168523182502,55.936861996827936,27.968430998413968,2.7255700424153515,"[4, 102, 115, 236, 379, 419, 626, 889, 934, 937, 952, 978]",12
89,27.759609773176606,12.88605654663202,42.30418927197396,21.15209463598698,3.8256228911837953,"[24, 156, 180, 381, 543, 555, 740, 782]",8
90,18.713089175084473,90.3983954928237,56.661565257346005,28.330782628673003,1.8276456865830633,"[6, 14, 302, 621, 657, 707, 722, 802, 813, 833]",10
91,88.20414102298896,45.860396176858586,73.7959254780966,36.8979627390483,1.596101286812408,"[208, 357, 373, 457, 524, 534, 537, 761, 777, 967, 995]",11
92,90.40443929009577,69.00250201912273,71.4640951537991,35.73204757689955,1.3108816062284756,"[56, 101, 188, 425, 513, 527, 622]",7
93,75.67786427368893,63.60610554471413,27.801925971072407,13.900962985536204,0.6421552899410257,"[122, 343, 631, 640, 653, 871, 935, 939]",8
94,79.63914745173317,95.91666030352225,48.52318858970407,24.261594294852035,2.3639366612947397,"[10, 179, 223, 514, 706, 799, 945]",7
95,85.77226441935547,45.722345335385704,95.42807529910993,47.71403764955497,2.3030046481794897,"[208, 353, 357, 373, 457, 524, 534, 537, 761, 777, 967, 995]",12
96,82.07671207013149,90.88437184127383,82.47476278301404,41.23738139150702,0.6376578537958237,"[114, 150, 223, 514, 554, 706, 775, 810, 848, 902, 980, 981]",12
97,62.88984390617004,39.84342586196771,10.95773044221784,5.47886522110892,1.6961290075593678,"[136, 252, 392, 478, 737, 739, 751, 790, 830, 888]",10
98,25.86840668894077,84.90383084285108,8.163939521936138,4.081969760968069,3.835930887453894,"[42, 92, 142, 159, 304, 374, 397, 421, 540, 627, 826]",11
99,35.536884847192965,35.67068904025429,6.55120775495225,3.275603877476125,0.7409293009447357,[690],1
100,40.12595008036087,92.9291417302714,14.463418371020776,7.231709185510388,3.781206133916318,"[43, 105, 247, 305, 360, 390, 402, 812, 880, 949]",10
101,86.94885305466322,45.41623969075518,36.03658376798471,18.018291883992354,0.9309765171162274,"[208, 353, 357, 373, 457, 524, 534, 537, 761, 777, 967, 995]",12
102,61.446470647687434,3.307459147550562,6.48257612244868,3.24128806122434,1.7151828899929513,"[220, 262, 284, 328, 437, 729, 807, 970]",8
103,6.807407397472021,25.19409882460929,26.010286957877966,13.005143478938983,1.0127647748914077,"[61, 250, 256, 301, 515, 681, 711, 843, 988]",9
104,13.105523121525774,1.203622289765427,15.971008228181068,7.985504114090534,2.4739210380509915,"[82, 272, 382, 763, 771, 955]",6
105,97.42562128180504,99.0345001560894,43.86013906044085,21.930069530220425,0.6518177041864215,[708],1
106,63.87617573665293,49.03053465487371,98.99392884202099,49.496964421010496,0.2612168286071208,"[33, 257, 268, 532, 642, 689, 885, 922]",8
107,78.32344383138131,28.839849733149393,27.93476890727453,13.967384453637266,2.650018286130704,"[116, 232, 273, 291, 495, 695, 696, 703, 864, 965]",10
108,24.606318499096446,66.58591175591877,54.14430913421743,27.072154567108715,1.6963559537433972,"[489, 632, 735, 755, 836, 910]",6
109,55.4687808661419,28.705151991962975,72.124597095933,36.0622985479665,1.659427477334256,"[154, 234, 244, 349, 424, 564, 918, 972]",8
110,36.05455604858923,82.86569145557378,92.87185663555326,46.43592831777663,0.1840292435491877,"[139, 240, 578, 588]",4
111,23.262699282976552,34.85193694925633,82.4218155401735,41.21090777008675,3.9419657105731902,"[3, 508, 754, 854]",4
112,96.89717046703518,90.49483455499269,33.172845181082835,16.586422590541417,3.9680449736578964,"[104, 222, 261, 376, 645, 699, 743, 759, 861, 960, 991]",11
113,24.942004105645122,10.590615488223222,95.34049805026244,47.67024902513122,0.9336810218723852,"[24, 95, 156, 161, 381, 543, 620, 662, 740, 994]",10
114,68.97682650777504,5.835635898058866,74.41736441711024,37.20868220855512,3.5268808493353587,"[526, 567, 664, 692, 807, 872, 962, 970]",8
115,27.24368954659625,37.90568960774286,40.558137415487025,20.279068707743512,2.9951530301605325,"[565, 754]",2
116,23.780724253903884,17.185309904764303,47.682706625335115,23.841353312667557,1.217873629509278,"[229, 297, 543, 620, 643, 782, 855]",7
117,83.91891222586524,23.774182601563876,52.72699846147984,26.36349923073992,3.7703343987917215,"[67, 290, 318, 366, 491, 728, 757, 798, 864, 965]",10
118,63.39976977446607,86.72894054624648,94.31992048870289,47.159960244351446,3.0030594475454078,"[81, 127, 197, 539, 599, 683, 801, 974]",8
119,69.95750602247513,96.79655666042271,99.46807501652954,49.73403750826477,1.8072867306790386,"[54, 337, 481, 660]",4
120,7.086977818420836,29.279403144051884,19.473697040334393,9.736848520167197,1.6699454991840472,"[466, 503, 639, 681, 711]",5
121,13.128932847325602,60.4117804020882,41.36676561999614,20.68338280999807,3.58154353715284,"[163, 205, 429, 557, 607, 750, 881]",7
122,96.77946717985019,54.688490166942216,31.108239137421677,15.554119568710838,2.368921675047347,"[16, 34, 100, 183, 549, 561, 601, 698, 989]",9
123,89.67611582244098,40.67333458357483,57.44743628573723,28.723718142868616,1.0866110704245835,"[228, 235, 357, 373, 524, 534, 717, 777]",8
124,45.5444149450027,40.17135353795987,28.599279182882245,14.299639591441123,2.0234655353012334,"[215, 264, 309, 352, 395, 412, 612, 637, 906]",9
125,31.03808259798114,37.303486388074745,54.872192014155104,27.436096007077552,3.00238009171595,"[565, 690, 808]",3
126,33.35074657912753,92.41587666207636,86.92026194941073,43.460130974705365,0.19476118390211417,"[112, 120, 247, 371, 500, 562, 697, 712, 803, 831, 865, 894, 901]",13
127,25.364252425682277,44.613551265920194,14.939649430535038,7.469824715267519,1.3939039561339883,"[80, 355, 445, 585, 825, 966]",6
128,74.00975256176825,68.05144811428259,64.12652071377046,32.06326035688523,2.8421136108893825,"[39, 131, 409, 439, 587, 779, 871, 905]",8
129,20.492368695970175,34.169811486473215,69.24303581635897,34.621517908179484,3.5169390521253083,"[3, 110, 420, 508, 987]",5
130,54.36780538280952,28.269965094553662,7.8723495105683465,3.9361747552841733,2.8413473158968534,"[234, 244, 324, 349, 424, 564, 918, 972]",8
131,0.7884103508440377,37.267906982099554,55.40103538346427,27.700517691732134,3.688445847068772,"[187, 269, 405, 474, 551, 903]",6
132,8.94945450329001,40.59423219682837,7.309753972464988,3.654876986232494,1.3704439373663613,"[15, 22, 30, 89, 123, 204, 465, 516, 581, 606, 666, 791]",12
133,62.22310588397949,27.906794822859837,24.926245217285334,12.463122608642667,0.4628129333083746,"[88, 141, 154, 351, 564, 829, 915, 918, 933]",9
134,57.714024402034184,69.5270005904686,68.83592835660312,34.41796417830156,3.7954440828820295,"[29, 144, 241, 528, 583, 788, 942, 996]",8
135,0.27032138935026984,64.7196653894036,62.03726252427576,31.01863126213788,2.3549584398811527,"[7, 25, 49]",3
136,96.27703198402425,1.6871673370039697,71.16583091663776,35.58291545831888,3.2547145988074537,"[237, 731, 860, 911, 929]",5
137,50.980719662158414,33.396486959680914,80.12981550660346,40.06490775330173,0.3889717025296986,"[234, 424, 483, 496, 624, 650, 667, 700, 882, 971]",10
138,44.203563772992524,51.99523745708382,70.92585903878201,35.462929519391004,0.36354292812963784,"[4, 8, 115, 236, 379, 419, 889, 891, 934, 937, 952, 978]",12
139,22.775950153786095,41.030156269012565,64.21299393691241,32.106496968456206,3.54784312486967,"[138, 445, 602, 754, 825, 950, 966]",7
140,61.88261682413765,13.346147093493443,98.15511261479183,49.077556307395916,3.4871429390219717,"[28, 359, 423, 426, 574, 863]",6
141,50.2720761145324,92.2347981796633,56.4311754069279,28.21558770346395,3.6932242715566526,"[94, 202, 245, 417, 467, 485, 749, 819, 849, 898, 941]",11
142,82.98973686033432,96.82864102942973,92.37936702392504,46.18968351196252,0.14413526971427792,"[10, 170, 494, 514, 706, 810, 844, 892, 945]",9
143,17.477200416093996,38.913467710118574,95.45355624306498,47.72677812153249,1.2001156779037183,"[3, 138, 298, 420, 460, 577, 602, 987]",8
144,16.046764388760103,88.630466608656,47.407469470904275,23.703734735452137,3.6315023774173043,"[6, 14, 544, 621, 644, 707, 722, 802, 813, 818, 926]",11
145,16.023046632014328,66.11175115080995,46.82505651880172,23.41252825940086,0.3059470761211416,"[93, 163, 225, 311, 429, 607, 615, 750, 973, 986]",10
146,69.64631446525006,24.73987555391537,8.763474645054185,4.381737322527092,0.23977719299829303,"[88, 141, 254, 404, 410, 411, 815]",7
147,6.107853706678734,90.77329574850394,75.2889721937646,37.6444860968823,3.5922494288549403,"[320, 451, 535, 634, 694, 769, 846, 999]",8
148,67.25823112965213,52.89399290308832,33.922404613000936,16.961202306500468,3.9918490053146938,"[33, 151, 257, 287, 303, 367, 642, 689, 727, 738, 765]",11
149,36.21890589393894,47.06489492139095,40.93329161772887,20.466645808864435,3.9181077173418344,"[102, 446, 610, 626]",4
150,17.465838539500577,32.798800090807966,69.63312327142515,34.816561635712574,0.2528304733545226,"[3, 110, 420, 460, 508, 987]",6
151,60.7249374011541,47.76465028764161,31.979997792399605,15.989998896199802,0.953653123696232,"[136, 146, 430, 853, 922]",5
152,51.45127432987567,36.792758053704134,48.369389669952255,24.184694834976128,1.3499095270569597,"[452, 483, 496, 624, 650, 667, 671, 700, 859, 882]",10
153,97.04936935959776,13.343943174560401,14.196375551945549,7.098187775972774,1.3735669151636642,"[149, 265, 327, 609, 685, 756, 963]",7
154,59.102690087049126,65.91764718500282,42.739390980964,21.369695490482,3.9971119756886844,"[29, 128, 164, 241, 415, 547, 583, 788, 809]",9
155,35.18929961930426,72.14066679599524,65.57035598042532,32.78517799021266,3.2522154529898426,"[11, 198, 214, 295, 354, 396, 594, 669]",8
156,97.622566345382,88.97936564455402,77.63338756398231,38.816693781991155,2.7929939112731623,"[79, 222, 261, 376, 645, 699, 759, 890, 960, 991]",10
157,33.54981696758996,14.768557820670736,10.950420290681928,5.475210145340964,0.9676068168059393,"[180, 251, 325, 388, 408, 555, 598, 724]",8
158,43.22814811812986,52.19962736299825,78.4429376352128,39.2214688176064,3.834963692226372,"[4, 8, 115, 236, 379, 419, 889, 934, 937, 952, 978]",11
159,11.732048038481102,10.700414019379156,61.02099868628732,30.51049934314366,2.981592295789172,"[2, 210, 263, 470, 490, 789, 840]",7
160,84.81503803469849,93.58320802167886,98.42549301476099,49.212746507380494,1.5992067688981035,"[12, 114, 140, 170, 494, 514, 593, 706, 721, 793, 810, 844, 892]",13
161,38.03351835275731,14.780867669727238,70.06877167493815,35.034385837469074,2.6270478337633483,"[37, 325, 408, 440, 598, 655, 724, 806]",8
162,86.20625958512072,9.725799478764063,52.28880624340747,26.144403121703736,2.3243277186882523,"[363, 517, 595]",3
163,24.15570400399184,16.902540612916127,86.66017945986404,43.33008972993202,0.23413968894223514,"[229, 297, 543, 620, 643, 782]",6
164,47.06209039180729,11.583400130088528,48.4205823264799,24.21029116323995,3.919849305369237,"[212, 322, 375, 436, 518, 580, 584, 718, 725]",9
165,42.37063534554728,85.71249175045673,16.14497859740342,8.07248929870171,1.0850083070474565,"[486, 511, 589, 923, 959]",5
166,40.37927406673345,39.98121400093307,68.78143047366456,34.39071523683228,1.3788725095020307,"[134, 309, 412, 637, 652]",5
167,71.37668684100163,63.91868992253925,42.92030879920344,21.46015439960172,1.727040510617277,"[173, 343, 439, 640, 658, 779, 871]",7
168,61.45276998103208,7.004219014464463,83.12864014379058,41.56432007189529,2.6136846444545476,"[262, 328, 437, 729, 807, 970]",6
169,72.63424644178352,53.692300108239046,15.49532554421575,7.747662772107875,1.6201424531877997,"[151, 303, 340, 367, 383, 506, 659, 738]",8
170,40.53735828485561,32.10429900432169,7.845280865951189,3.9226404329755944,2.9490169703859093,"[135, 319, 395, 628, 656, 992]",6
171,10.97844580625007,60.630813304508514,71.8056621643855,35.90283108219275,2.539145291734779,"[163, 172, 205, 557, 607, 750, 786, 881]",8
172,95.91422519779749,10.329815508513862,87.38088011499391,43.69044005749696,0.11676093939565302,"[370, 785, 827]",3
173,53.4916854927084,40.424361793925875,54.79746673740703,27.398733368703514,1.4603995082400392,"[452, 650, 700, 705, 859]",5
174,19.056691494006806,1.912289744868978,54.22423231016156,27.11211615508078,3.3711074507393692,"[82, 382, 586, 763]",4
175,37.32159557447942,22.286381801498024,12.650540329825187,6.3252701649125935,0.34124369247481345,"[47, 153, 389, 440, 862]",5
176,22.13964462927722,10.001406092155518,30.178771344625794,15.089385672312897,0.26459784846781886,"[156, 161, 323, 543, 620, 954, 994]",7
177,6.560486720992564,85.6276179622782,20.401424767339158,10.200712383669579,2.238729623293792,"[535, 634, 688, 694, 769]",5
178,77.34555444490306,45.64095653390666,19.570043396637843,9.785021698318921,0.7983845684804574,"[178, 193, 276, 292, 358, 422, 442, 899, 997]",9
179,43.29842062811807,52.82340891785358,38.196827744610815,19.098413872305407,3.1259184009386454,"[4, 8, 115, 236, 379, 419, 889, 934, 937, 952, 978]",11
180,75.10216488563984,92.7211807373118,7.750492157561251,3.8752460787806253,3.5827651648408136,"[58, 223, 238, 706, 799]",5
181,39.2568788462151,87.83724953799941,70.6245537348703,35.31227686743515,3.9493950282958727,"[589, 803, 923, 949]",4
182,75.9282451716668,36.45446259967866,52.60100141930145,26.300500709650724,1.505556620777405,"[41, 207, 273, 293, 386, 441, 695, 703]",8
183,36.49118360212381,26.090449938105976,52.11717806047961,26.058589030239805,2.726959780277445,"[47, 153, 319, 389, 464, 628, 992]",7
184,27.734027130524353,52.437981107721995,16.151127946202934,8.075563973101467,0.6393811474167652,"[50, 80, 288, 398, 677, 814]",6
185,4.680635471218874,97.07314427706328,5.366733393474804,2.683366696737402,0.7143198722306252,"[75, 108, 125, 434, 451, 687, 846, 948, 999]",9
186,61.286675311699234,8.13695988533053,88.78016779419907,44.39008389709954,2.8784806313691527,"[426, 437, 664, 729, 970]",5
187,96.63899714378934,50.763554724076485,33.53834990005629,16.769174950028145,2.1980022911810857,"[16, 183, 484, 549, 698, 747, 870, 989]",8
188,93.08187172979731,52.07614372418605,30.38466802692027,15.192334013460135,3.5095951566964785,"[16, 100, 181, 463, 484, 549, 698, 747, 866, 989]",10
189,37.19187485124613,0.13833499989991394,28.530077136770014,14.265038568385007,1.2729340367082496,[185],1
190,85.87774682319022,45.8503167066445,47.23579234207357,23.617896171036787,1.3444090655995495,"[208, 353, 357, 373, 457, 524, 534, 537, 761, 777, 967, 995]",12
191,88.06781230470796,94.50267769403914,99.22958126968979,49.614790634844894,1.506965067843947,"[97, 140, 170, 494, 593, 684, 721, 793, 810, 844, 873, 892]",12
192,96.61474456271714,79.18795696309013,69.19046902620535,34.595234513102675,0.9795579176803977,"[20, 200, 266, 568, 741]",5
193,21.64572609442098,16.604782452124567,92.66187797140971,46.330938985704854,1.1763066495326644,"[229, 297, 416, 543, 620, 643]",6
194,45.30942454488785,49.39578339872235,78.92630156777415,39.46315078388707,3.3769398462120965,"[215, 216, 236, 271, 419, 889, 934, 937, 952, 979]",10
195,13.90727011486128,42.69043602110737,85.07121434436843,42.535607172184214,3.2721332230233537,"[15, 22, 30, 152, 298]",5
196,10.24137584524164,15.6383348867963,33.898875701943744,16.949437850971872,0.30143627633336134,"[224, 476, 617, 704, 758, 840, 841]",7
197,42.46630028405929,10.76177051495819,58.98067139863528,29.49033569931764,0.9862277592446245,"[212, 436, 580, 655, 718, 725]",6
198,59.64330653496227,11.752564290363765,97.70896749976067,48.85448374988034,3.7302448154293617,"[28, 70, 423, 426, 541, 574, 917]",7
199,39.17969385646658,24.217859412608544,28.787830221089415,14.393915110544707,1.9335741408095681,"[47, 153, 246, 389, 464, 862, 992]",7
200,3.9992801900716968,63.9705106075127,43.788776292275756,21.894388146137878,1.5096262903555493,"[7, 25, 49, 509, 786]",5
201,80.93649714891984,70.903546018329,95.66171246230574,47.83085623115287,1.4077449619827629,"[175, 206, 385, 569, 817]",5
202,89.75427646494055,76.99671862500888,38.95534190149774,19.47767095074887,2.486661745813031,"[69, 682, 964]",3
203,28.856995765169557,87.43999170748424,15.680595135169568,7.840297567584784,0.8497374451761641,"[42, 120, 142, 159, 168, 240, 304, 348, 421, 500, 540, 613, 627, 720, 826, 831, 865]",17
204,18.303329207992114,40.302600240428866,75.79713120305227,37.89856560152614,2.1076297962087214,"[138, 298, 460, 577, 602, 950, 966]",7
205,48.76763235382076,0.05459648969956543,45.4131639087302,22.7065819543651,0.2542150993446337,"[443, 454, 512, 676, 734]",5
206,20.825325212148382,93.23939389604944,25.46282941260763,12.731414706303815,3.43335055453705,"[302, 380, 450, 521, 525, 621, 657, 719, 833, 850, 914, 931]",12
207,80.28933715613343,15.914623694224284,62.54263594067649,31.271317970338245,0.46264748762005325,"[219, 253, 279, 318, 329, 407, 897]",7
208,72.78881583695114,63.746227737220664,82.13416336064684,41.06708168032342,1.9175381975567523,"[173, 343, 439, 631, 640, 871, 935]",7
209,91.48630878333829,4.934894678843971,32.8244136775664,16.4122068387832,2.860210389860668,"[218, 237, 595, 929]",4
210,41.810921174800086,17.29513542711564,15.185020815711873,7.5925104078559364,3.2693564458464857,"[37, 440, 655, 746, 806, 862]",6
211,47.31429784656442,88.22836719191073,74.66246776008897,37.331233880044486,1.6389048225229743,"[283, 285, 360, 377, 399, 402, 417, 486, 589, 730, 941]",11
212,37.351101415568365,51.56383466512517,89.46069555302422,44.73034777651211,2.9491143188566715,"[4, 50, 102, 275, 321, 379, 446, 626, 823]",9
213,0.515296426902323,69.41578513691256,92.35320365605297,46.176601828026484,2.8418230380179663,"[7, 25, 201, 504, 852, 884]",6
214,17.700578156749593,48.35181274274587,18.330021702724842,9.165010851362421,1.4359811133585283,"[107, 152, 157, 355, 418, 665, 816, 950, 990]",9
215,93.71170419405178,92.33053075587083,31.869500956727876,15.934750478363938,1.3585241766647966,"[97, 104, 155, 222, 261, 376, 645, 699, 708, 721, 743, 759, 793, 861, 873]",15
216,60.02128681312939,96.319729526038,19.041126736212092,9.520563368106046,1.0276665747466764,"[65, 99, 259, 364, 433, 456, 497, 545, 651, 672, 673, 702, 845, 851, 874, 969, 982]",17
217,87.35568272907715,49.18922317083445,90.40130376156802,45.20065188078401,0.7420715900927051,"[62, 357, 457, 463, 537, 777, 967, 995]",8
218,53.26685874713607,32.62696326493724,35.071543189785224,17.535771594892612,1.7875078557847965,"[234, 244, 255, 349, 424, 496, 650, 667, 671, 700, 882, 972]",12
219,43.30774491012684,35.734687967795445,91.92222317998376,45.96111158999188,2.926976741731571,"[264, 309, 395, 412, 483, 637, 656, 906, 971]",9
220,72.75469913315297,28.99134495919554,59.88239531009983,29.941197655049915,3.116717733207336,"[17, 273, 291, 828]",4
221,79.5590368543213,34.453046075431224,78.23291187402154,39.11645593701077,2.943575587230932,"[41, 68, 207, 232, 273, 293, 441, 695, 696, 703]",10
222,14.150648562190026,86.59454685664772,46.92553966713903,23.462769833569514,1.9456417955546619,"[14, 531, 544, 630, 644, 707, 722, 802, 813, 818, 926]",11
223,44.836917889799736,56.78460014775075,64.0110784998702,32.0055392499351,1.9927182630517737,"[8, 46, 115, 190, 431, 648, 891, 937, 958, 978]",10
224,86.67885432590955,62.77347561952844,43.135655184024394,21.567827592012197,1.6667670276348439,"[40, 52, 209, 267, 286, 393, 425, 513, 553, 597, 600, 618, 951, 976]",14
225,81.08386151289514,34.81919427465201,25.08820559932929,12.544102799664644,0.23753275202315693,"[68, 207, 232, 293, 695, 696, 703]",7
226,87.60268479205742,91.854645119035,16.411417305530218,8.205708652765109,1.3378949659844594,"[12, 97, 114, 140, 155, 170, 494, 593, 721, 793, 810, 873, 892]",13
227,17.537206951524386,11.589846882587974,90.48734058500287,45.243670292501434,0.22750903658142185,"[2, 55, 106, 210, 416, 470, 490, 954]",8
228,98.04856634690069,9.645086069738419,87.02971167339065,43.514855836695325,2.266024427956651,"[370, 453, 685, 785, 827]",5
229,36.791748781787334,34.23423766251579,76.94959360758233,38.474796803791165,1.2582931800171488,"[135, 628, 690]",3
230,65.73189166171419,51.732608351608015,51.071736290016695,25.535868145008347,3.6046486825966464,"[33, 257, 268, 367, 532, 642, 689, 738, 765]",9
231,55.46450586202596,82.68616030486949,73.92948573964149,36.964742869820746,0.1542289842359934,"[63, 143, 197, 611, 647, 679, 683, 780, 781, 956]",10
232,77.31100525054192,21.687025009104065,90.7992164508993,45.39960822544965,0.17169676243532805,"[67, 158, 296, 312, 329, 407, 864, 993]",8
233,33.307203447431874,9.973294723475401,50.18096612306016,25.09048306153008,3.280089743479007,"[147, 148, 325, 381, 408, 413, 555, 957]",8
234,29.81873596630641,15.09348973110416,36.37536839120543,18.187684195602714,3.255520567682544,"[24, 180, 251, 381, 388, 408, 555, 598, 724, 740, 768, 782]",12
235,14.038395779934687,22.73624490775018,11.540936626870526,5.770468313435263,2.8228401759584307,"[9, 231, 308, 347, 617, 638, 726, 767]",8
236,39.52332435363368,31.083997714331602,73.26950708240943,36.63475354120472,1.343910169361021,"[135, 319, 464, 628, 992]",5
237,72.77712732144181,81.51993953143135,25.677970128485153,12.838985064242577,3.8952747873839333,"[18, 96, 130, 341, 458, 575]",6
238,16.235794791266677,29.084090665674257,22.080552629186453,11.040276314593227,1.3820226254253378,"[64, 110, 231, 277, 350, 767]",6
239,48.006088782075565,52.21758690021191,86.09257401814584,43.04628700907292,3.557791635263466,"[115, 199, 216, 236, 362, 459, 891, 934, 937, 952]",10
240,22.010386078090637,62.289403218575245,15.59212544337798,7.79606272168899,1.8358794407282732,"[78, 93, 225, 311, 489, 529, 542, 566, 632, 636, 836, 910]",12
241,32.23335380466181,31.65007454536064,50.8455029626496,25.4227514813248,2.91931054211707,"[690, 796, 808]",3
242,6.91826587923895,87.91733376874045,74.8073085899033,37.40365429495165,0.7059975555562406,"[320, 535, 634, 688, 694, 769]",6
243,93.91609090873703,50.631222402338864,99.9818149211117,49.99090746055585,0.7890378972029506,"[16, 484, 549, 698, 747, 866, 989]",7
244,53.490819838320135,29.02480425599284,33.89648795197842,16.94824397598921,2.3642615233359607,"[234, 244, 324, 349, 424, 496, 667, 972]",8
245,92.17190668708332,80.52638555791751,73.77443285762595,36.88721642881298,2.236695128406809,"[200, 248, 682, 741, 887, 964]",6
246,92.22985036674477,49.236140669088414,88.01405694179823,44.007028470899115,3.335926575506527,"[484, 537, 549, 747, 777, 866, 989]",7
247,21.383534680158654,77.12254629659103,6.156259909609583,3.0781299548047913,1.29131815019235,"[77, 195, 294, 332, 394, 472, 550, 787]",8
248,22.95674446919498,50.68629584873135,75.00105035967462,37.50052517983731,0.3907054697908965,"[80, 157, 166, 355, 585, 591, 665]",7
249,51.49222019367684,93.84120216943856,26.721422343379825,13.360711171689912,2.7085645764456965,"[94, 245, 467, 485, 749, 819, 874, 898]",8
250,59.28802707811576,1.006369565609333,50.20348860643616,25.10174430321808,2.8350815637641946,"[66, 74, 220, 262, 328, 437, 729]",7
251,4.39754320240906,87.95214830237302,54.40773458038894,27.20386729019447,0.12264419330287168,"[320, 535, 634, 694, 769]",5
252,22.44136119208402,95.3675696427313,60.32037463994526,30.16018731997263,0.42989027107521816,"[302, 380, 450, 521, 525, 657, 719, 833, 850, 914, 931]",11
253,28.75445022805615,45.67036258604842,6.990256580434394,3.495128290217197,1.6464620544550352,[],0
254,48.94586354346981,24.36778752812322,60.92070502773873,30.460352513869363,3.0129604783687074,"[324, 502, 693, 713]",4
255,23.58342241056355,62.04999002799877,65.76411308155545,32.882056540777725,3.794161204515364,"[93, 225, 403, 529, 542, 566, 632, 636, 735, 784, 836, 875, 910]",13
256,77.82761672964438,84.8345269790006,51.58989130144614,25.79494565072307,0.7413943479175313,"[130, 150, 171, 519, 775, 848, 981]",7
257,99.5815292959635,12.93557610386996,49.78844533865521,24.894222669327604,0.2723723969684264,"[265, 327, 685, 756, 963]",5
258,94.38508573508196,96.49249408484395,73.34196089037749,36.670980445188746,1.3999713745206757,"[97, 104, 226, 684, 708, 743, 861, 873]",8
259,25.438240111762433,26.53033245370474,17.0929324149071,8.54646620745355,2.1032358123068917,"[26, 176, 192, 203, 487, 533, 732, 736, 744, 855, 904, 977]",12
260,14.18172757014775,31.67306665534563,64.53711521611496,32.26855760805748,2.9101744383629993,"[64, 110, 277, 350, 420, 987]",6
261,2.4272704622061214,43.011598437673996,66.9518365100032,33.4759182550016,3.4129839046340513,"[123, 405, 465, 474, 516]",5
262,47.532478221208244,96.92058717176852,30.23509201643749,15.117546008218746,0.05403482650687552,"[43, 202, 427, 467, 749, 819, 849]",7
263,48.37528647017362,25.611379502001796,83.2531788422011,41.62658942110055,0.9310906887244483,"[324, 424, 502, 693, 713]",5
264,31.06292182913063,79.12274310191123,72.9386089424092,36.4693044712046,2.23220494662905,"[21, 139, 304, 397, 499, 578, 646, 766, 847, 877]",10
265,70.49480619227595,41.86368635700265,5.504454523393441,2.7522272616967207,0.04542051404877023,"[31, 133, 505, 556, 701, 751]",6
266,51.122178757368665,8.329097971899923,9.852170616079395,4.926085308039697,3.8620665565498933,"[27, 493, 584, 734, 820, 917]",6
267,85.90026396580586,15.202722720956952,5.063100766069427,2.5315503830347135,3.7666711815590257,"[35, 290, 318, 400, 596, 661]",6
268,27.83252983201143,18.58976028554975,70.69327024399585,35.34663512199793,0.4356149553653048,"[180, 229, 251, 388, 473, 643, 732, 768, 782, 855]",10
269,26.46495980028003,97.50946802120465,65.74896357503097,32.874481787515485,2.082711165930214,"[521, 525, 719, 760, 850]",5
270,39.791861483493776,77.4500954884202,18.390960269750906,9.195480134875453,3.8693512081479287,"[119, 198, 214, 336, 342, 471, 795, 838, 909, 959]",10
271,86.11230080657867,61.76569825692433,9.076088088243026,4.538044044121513,2.803422597790951,"[40, 52, 209, 267, 286, 393, 513, 553, 600, 618, 951, 976]",12
272,91.32843408854808,52.457706747862595,38.65135807358996,19.32567903679498,0.4811093799178785,"[16, 100, 181, 463, 484, 537, 549, 747, 866]",9
273,75.49011041375682,88.50218512118062,14.523915687205616,7.261957843602808,3.0359382190093678,"[58, 130, 238, 519, 822]",5
274,1.7060486259097507,96.70549180772196,63.43051196033414,31.71525598016707,2.2097562359665326,"[53, 108, 125, 451, 687, 846, 999]",7
275,29.59498335889278,92.92916715697834,30.261034596995145,15.130517298497573,3.3125864528667797,"[42, 112, 120, 348, 371, 500, 540, 562, 613, 625, 691, 697, 720, 760, 831, 850, 865, 901]",18
276,98.5108679337132,78.33966455148058,54.304042436711015,27.152021218355507,0.2642970554066877,"[20, 200, 266, 568, 783]",5
277,47.241378917107305,43.82559469717036,24.265623912764546,12.132811956382273,1.6943505468572178,"[215, 216, 271, 352, 462, 563, 612, 979]",8
278,35.77578840803387,16.368426115164848,46.930543616586185,23.465271808293092,1.0511998252979562,"[37, 251, 388, 408, 440, 598, 724]",7
279,52.20624206822644,3.516005971619418,91.091984879792,45.545992439896,3.2654572220794242,"[27, 66, 74, 221, 443, 454, 493, 676, 734]",9
280,55.25813325105046,85.18085827572432,96.42753201202605,48.213766006013024,0.44208917621064225,"[63, 113, 197, 417, 485, 647, 730, 780, 956]",9
281,63.08318084098038,99.79940009356586,98.84947108668499,49.42473554334249,2.4132919691629784,"[456, 545, 651, 673, 702, 845, 851, 969]",8
282,12.802087045081667,58.31928309905282,5.196140379570063,2.5980701897850316,0.7956453386674385,"[163, 331, 557]",3
283,95.612315955996,33.04405726028439,65.64706004881012,32.82353002440506,1.1234379785289708,"[38, 406, 447, 523, 968]",5
284,94.78218871115895,72.85587299494868,36.3168599702342,18.1584299851171,3.1670456847214834,"[20, 56, 266, 568, 682, 783, 794]",7
285,10.816552447633764,39.23189400654594,26.01572213450127,13.007861067250635,2.734905789104185,"[15, 30, 89, 204, 298, 460, 465, 581, 606, 666, 791]",11
286,10.244628177193038,39.70258322826741,31.28172436987301,15.640862184936505,2.0253716772952166,"[15, 30, 89, 204, 298, 465, 516, 581, 606, 666, 791]",11
287,34.989768050387895,70.6410577667011,7.334817309161776,3.667408654580888,2.53594768522363,"[11, 295, 354, 396, 594, 654, 669, 984]",8
288,23.057128969382003,26.870902875684934,81.02428234043474,40.51214117021737,3.8222735759216833,"[26, 176, 192, 203, 487, 533, 904, 977]",8
289,31.65502100270866,82.68052703690756,14.879129607267144,7.439564803633572,2.5359266120295327,"[139, 168, 240, 304, 578, 588, 766, 847, 877]",9
290,75.10322995349188,15.597792803445653,45.470226828608254,22.735113414304127,3.570828656995926,"[219, 279, 329, 333, 407, 629]",6
291,10.357846344837219,1.809635820147515,61.105611009553705,30.552805504776853,1.7421261621237338,"[13, 263, 272, 382, 771, 878]",6
292,79.86892488839027,92.34555382041066,33.41959623166253,16.709798115831266,1.5536164686764211,"[10, 58, 114, 223, 514, 706, 799, 810, 902, 945, 981]",11
293,48.627208632931485,58.81514604352993,98.46611381975359,49.233056909876794,2.789321003320206,"[46, 115, 117, 190, 510, 648, 762, 891]",8
294,38.95485073455688,26.376768645046212,94.73944325010179,47.36972162505089,0.5421937324340256,"[47, 246, 319, 389, 464, 628, 862, 992]",8
295,72.0265852504758,92.53950252924406,68.14323072077167,34.071615360385834,1.6922177606644846,"[58, 124, 238, 481, 660, 799, 822]",7
296,19.8990939925484,36.74753222519273,72.1528218949116,36.0764109474558,2.5981368967011873,"[3, 110, 420, 460, 508, 577, 987]",7
297,92.7976166598358,86.68609136593749,82.534321465305,41.2671607326525,3.645803501403049,"[79, 155, 222, 248, 339, 376, 699, 759, 887, 890, 960, 991]",12
298,27.63371527370494,36.95235401396495,41.08992085967165,20.544960429835825,2.241802354839121,"[565, 754, 854]",3
299,66.8218229542771,28.671668304039432,6.848934394383533,3.4244671971917664,1.5968895346316372,"[17, 88, 141, 410]",4
300,30.852795955440047,94.21847190180479,89.38517885168413,44.692589425842066,3.4412427133736783,"[85, 112, 120, 371, 391, 562, 625, 697, 712, 720, 760, 831, 865, 894, 901]",15
301,65.2999760945243,34.42891646989389,57.14068040293395,28.570340201466976,3.260900162865491,"[17, 177, 289, 351, 392, 444, 633, 739, 830, 888]",10
302,9.861036872281105,80.10748802553047,8.912080176171557,4.4560400880857785,3.265684124857423,"[36, 111, 230, 630, 688, 715, 842, 857, 947, 975]",10
303,80.75638041598735,5.100730882875581,64.58026758887654,32.29013379443827,2.009812297251589,"[109, 167, 174, 281, 317, 363, 530, 559, 678]",9
304,16.981950317171467,14.837893767737565,78.4596169763672,39.2298084881836,2.2707709953473763,"[55, 106, 224, 416, 726, 954]",6
305,98.29991349165324,98.22477772883441,99.3033643791053,49.65168218955265,0.47446207346306357,[708],1
306,93.82561369639623,24.45696090205628,48.53016467706814,24.26508233853407,3.0296262232869036,"[233, 249, 346, 576, 663, 900, 940, 944]",8
307,20.3620932077232,56.63116055543299,22.65259108146959,11.326295540734796,0.4189444267251732,"[78, 542, 566, 591]",4
308,11.655861242959853,35.76390348482188,5.4422094995324315,2.7211047497662157,1.699415684806758,"[277, 298, 420, 460, 581, 606, 666, 791]",8
309,66.4197105081149,40.16881850039887,13.150487049384337,6.575243524692168,0.2507554480945622,"[31, 133, 289, 392, 478, 505, 751, 790, 830, 885, 888]",11
310,27.81165127648617,16.931269054360076,96.6840224557071,48.34201122785355,0.60492089989634,"[24, 180, 229, 251, 388, 473, 643, 740, 768, 782]",10
311,80.54624374049966,58.610794174114474,59.08225739850796,29.54112869925398,2.0483228636951383,"[122, 209, 260, 448, 600, 895, 939, 951]",8
312,97.1763076113951,36.38447750916378,79.85199634061824,39.92599817030912,2.2211764298678385,"[38, 406, 447, 523, 968]",5
313,39.56336676257261,95.54659333057809,61.84001708964528,30.92000854482264,0.47566776858405424,"[43, 105, 126, 247, 390, 604, 608, 616, 712, 812, 880]",11
314,41.75392009968566,78.15817276816077,70.90596720772531,35.452983603862656,3.665361319346297,"[119, 198, 214, 336, 342, 471, 635, 674, 795, 838, 909, 959]",12
315,25.937738414152022,75.81937163538238,48.68814470247949,24.344072351239745,2.2944389878672617,"[21, 77, 92, 294, 315, 332, 374, 394, 787]",9
316,95.5046681006283,97.92863199891774,86.85114157292854,43.42557078646427,1.436388350921185,"[708, 743]",2
317,88.77008357273198,63.8609177641413,45.849694144717745,22.924847072358872,0.14297073000193494,"[40, 52, 101, 393, 425, 513, 553, 597]",8
318,77.01281241915822,50.2105580724113,79.68790744918077,39.843953724590385,2.9920911973730795,"[193, 276, 340, 358, 384, 442, 506, 659, 856]",9
319,79.3567368048352,30.065115869676685,81.07586691142494,40.53793345571247,2.1953853138646693,"[116, 207, 232, 273, 291, 495, 695, 696, 703, 864, 965]",11
320,47.33262004491432,67.5125913820757,7.029074879143089,3.5145374395715443,0.4092672635503769,"[278, 571, 572, 714, 762, 936]",6
321,29.2177365167522,98.29901099578396,18.275848992170722,9.137924496085361,1.3223852030368413,"[85, 371, 391, 603, 760]",5
322,5.105306469192361,33.12688802927263,35.430997218529,17.7154986092645,3.7872286837780886,"[89, 187, 269, 466, 503, 551, 606, 639, 710, 711]",10
323,84.51540869957203,38.27642192427715,7.353060513728623,3.6765302568643117,3.324124455981513,"[51, 68, 208, 217, 293, 353, 534, 717, 773, 867]",10
324,66.05361771445402,15.236448365130972,99.62677074596779,49.813385372983895,0.4009337496964922,"[189, 359, 387, 426, 574, 792, 863, 938]",8
325,86.71145415936628,29.426616412968897,46.35857930088992,23.17928965044496,3.1818261071052585,"[23, 132, 366, 592, 773, 798]",6
326,67.75083559940103,93.78643744440392,64.0083309187364,32.0041654593682,0.391240645916211,"[124, 481, 660, 680]",4
327,88.43603632419503,76.91555249885911,72.6276928348656,36.3138464174328,0.21493418941494147,"[69, 432, 682, 964]",4
328,39.6222744661744,16.743581945953924,83.08087129874755,41.54043564937378,2.802114491271451,"[37, 440, 655, 746, 806, 862]",6
329,88.30775973191352,96.6575106924164,78.60102334828737,39.300511674143685,3.9769323328830484,"[97, 170, 226, 494, 684, 721, 793, 844, 892]",9
330,61.476988614429885,3.7129603891447815,6.353893939278109,3.1769469696390544,1.3684155008151548,"[220, 262, 284, 328, 437, 729, 807, 970]",8
331,82.34717190675372,86.6134706324731,96.2771902381544,48.1385951190772,0.2604858741952736,"[114, 150, 171, 554, 716, 775, 848, 896, 902, 980, 981]",11
332,4.457111098766409,91.32835963670337,33.97943634447185,16.989718172235925,2.231949602438531,"[53, 108, 320, 451, 535, 634, 694, 846, 999]",9
333,98.24448830007098,40.04485347359233,68.25778283943478,34.12889141971739,1.6035182545279412,"[316, 447, 868]",3
334,76.81946644627797,52.77147255728658,27.564698108703222,13.782349054351611,1.0852244050338649,"[340, 384, 442, 448, 506, 659, 856]",7
335,25.805921253840726,53.23203282585608,71.80295652148811,35.90147826074406,3.7971196001725684,"[80, 166, 288, 398, 677, 784]",6
336,69.40873750829799,78.11928439623907,21.047981007133735,10.523990503566868,1.4962505000293027,"[96, 300, 341, 458, 776, 837]",6
337,41.37802198582661,68.6380230000473,33.109737755802996,16.554868877901498,1.2131676856786644,"[0, 5, 344, 378, 475, 571, 572, 654, 669, 943]",10
338,35.58891546408681,81.03020815432322,59.87105855411813,29.935529277059064,0.30110911933093787,"[139, 342, 471, 499, 578, 588, 646, 766, 847]",9
339,7.824609969046881,37.12869442824993,77.82614980758504,38.91307490379252,2.754733705914722,"[30, 89, 187, 465, 581, 606, 666, 791]",8
340,70.79823546511867,76.7210066054097,32.279507724201295,16.139753862100648,2.193025127768352,"[96, 227, 300, 341, 458, 501, 587, 834, 837]",9
341,54.33526403167696,73.96325011799493,95.9027040650364,47.9513520325182,1.1119597791818636,"[87, 144, 145, 330, 611, 858, 996]",7
342,79.32816727570481,65.99705485232624,60.12259773202871,30.061298866014354,3.0995191173896077,"[122, 206, 209, 267, 286, 385, 600, 653, 817, 935, 976]",11
343,94.40324664280993,3.669141786941299,19.003009738755964,9.501504869377982,3.025148926004463,"[218, 237, 731, 785, 860, 911, 929]",7
344,8.379135291008454,51.61237007410931,25.886773780952662,12.943386890476331,1.097182815371006,"[32, 83, 194, 570, 752]",5
345,70.18404829444162,3.0192773268711615,87.96534565068085,43.98267282534042,1.77791582140908,"[526, 567, 641, 692, 872, 962]",6
346,50.23932939071011,54.00479636936919,66.32670798505193,33.16335399252596,1.3794263464909924,"[115, 199, 362, 459, 891, 952]",6
347,10.110749056349134,31.837893666617656,20.973501212167932,10.486750606083966,2.2245327178018957,"[64, 277, 350, 639, 681]",5
348,31.802863096038646,95.80671779934349,96.74475640812666,48.37237820406333,2.480503522272966,"[85, 112, 371, 391, 562, 603, 616, 697, 712, 760, 901]",11
349,61.7497267667286,98.5378564567106,89.29189936734267,44.64594968367133,3.06027979663256,"[65, 99, 259, 456, 545, 651, 672, 673, 702, 845, 851, 969]",12
350,31.35906117427012,36.55390281180764,24.120342747282216,12.060171373641108,1.9485925076694985,"[565, 690, 808]",3
351,99.03685221395796,91.21509530115888,16.24319623184956,8.12159811592478,0.1007611571620246,"[222, 261, 645, 699]",4
352,89.86376684082661,53.71701279487075,24.018039379803337,12.009019689901669,2.6946130783385414,"[48, 62, 181, 335, 463, 549, 618, 866]",8
353,64.422317792982,12.208560683646718,29.662022182273855,14.831011091136928,0.24031185725303184,"[359, 423, 426, 574, 664]",5
354,20.986047387014196,13.230567485306288,23.35744778508283,11.678723892541415,2.741868583652468,"[55, 106, 161, 416, 543, 620, 643, 954]",8
355,4.949974426106774,10.185461524821648,17.746495617437326,8.873247808718663,1.266164483832536,"[71, 72, 211, 299, 477, 482, 507, 686, 709, 758, 804, 840, 879, 928, 985]",15
356,29.87503108519409,25.50637853166394,76.30098207607955,38.150491038039775,3.9920911510324024,"[176, 473, 487, 736, 744]",5
357,53.397792362879585,94.4202717913942,42.67796065197614,21.33898032598807,0.42672978721085375,"[94, 245, 364, 433, 467, 485, 497, 772, 874, 898, 925, 982]",12
358,40.87738294698373,29.612777341469332,51.87366141747192,25.93683070873596,2.6281747076656927,"[135, 319, 464, 628, 992]",5
359,46.10502191524082,93.51605120778255,89.05265811844109,44.526329059220544,2.8079103806647887,"[43, 202, 283, 305, 360, 402, 749, 819, 849, 941]",10
360,48.968491236454916,13.168728181445688,42.716298343875174,21.358149171937587,2.8176061576046947,"[184, 212, 322, 375, 518, 584, 605]",7
361,28.488552055373116,10.398807754342043,91.25035346350967,45.625176731754834,2.8362032392621783,"[24, 95, 156, 180, 381, 438, 555, 662, 740, 994]",10
362,61.52764266350972,79.24989056089166,84.3863735704302,42.1931867852151,1.9338359926840933,"[81, 127, 313, 361, 579, 683]",6
363,88.118825140944,91.64190107011055,30.797354065354234,15.398677032677117,2.430181439163177,"[12, 97, 104, 114, 140, 155, 170, 494, 593, 721, 793, 810, 873, 892]",14
364,52.658402882046914,53.794577915190246,94.0779939266334,47.0389969633167,1.220754810772116,"[199, 362, 459, 668, 778]",5
365,98.34339782345762,90.21312148042321,48.57867441828275,24.289337209141376,3.2698130544726647,"[222, 261, 645, 699]",4
366,76.90469943201406,67.78949696185212,35.384219491399655,17.692109745699828,0.7858039672838157,"[131, 206, 385, 653, 817, 935]",6
367,67.15276967657582,84.29732964010842,6.544014924350119,3.2720074621750594,2.5712135012340482,"[18, 300, 539, 599, 776, 801, 974]",7
368,44.28730246222125,89.80877551269836,35.5399284311495,17.76996421557475,1.896739249054487,"[283, 305, 360, 402, 486, 589, 849, 923, 941]",9
369,51.47671040351863,14.043952137105297,72.7247687563961,36.36238437819805,3.3219053804838383,"[70, 184, 258, 322, 375, 518, 605]",7
370,5.790927689626024,29.138882053690274,8.6142447458305,4.30712237291525,3.8261764187529694,"[466, 503, 639, 681, 711]",5
371,66.71688207038235,96.42004194547815,55.491956441474244,27.745978220737122,3.2082740955824556,"[54, 124, 456, 660, 680]",5
372,37.441398387974004,35.38190325726409,40.93544262498761,20.467721312493804,2.631448534905713,"[135, 652, 690]",3
373,35.94531510216522,90.03674516042256,98.41111217976476,49.20555608988238,0.12170606134802364,"[112, 120, 168, 247, 500, 803, 894, 949]",8
374,19.362329040249648,11.224999258738599,9.02458447368711,4.512292236843555,0.9109639733891459,"[55, 106, 161, 323, 416, 543, 620, 954]",8
375,44.679332036908114,83.69903652886838,26.07328289844963,13.036641449224815,1.975781022648805,"[119, 285, 377, 399, 486, 511, 589, 623, 753, 959]",10
376,92.96187394467545,66.72147067866749,80.81750687681976,40.40875343840988,2.203975880741945,"[52, 56, 101, 137, 368, 428, 748]",7
377,98.046645884063,58.86621546814742,9.323517826446196,4.661758913223098,0.7919311997591794,"[34, 100, 182, 183, 368, 522, 561, 601, 805, 832]",10
378,40.4773628957148,60.12771725737763,78.33343240385119,39.166716201925595,1.652344503615545,"[8, 160, 190, 431, 492, 876, 930, 958]",8
379,71.00583050156887,78.98695031091249,35.139718738748364,17.569859369374182,3.917080960143274,"[96, 300, 341, 458, 501, 776, 837]",7
380,64.96564952358355,88.09980607861311,57.81408043681764,28.90704021840882,2.9664124286092948,"[124, 539, 599, 801, 974]",5
381,77.05440616163654,90.8248379234579,19.28322690278018,9.64161345139009,2.233133696676994,"[58, 223, 706, 799, 902]",5
382,42.83785131058563,92.31590211737402,14.983995953654924,7.491997976827462,3.930295554723651,"[43, 202, 283, 305, 360, 402, 486, 849, 880, 941, 949]",11
383,87.54513240932963,7.382628156424853,51.64180662634507,25.820903313172536,2.8702380008501036,"[218, 363, 517, 595]",4
384,73.81515456910564,90.64941252379208,80.98721638031954,40.49360819015977,1.243721521376358,"[58, 130, 238, 481, 660, 799, 822]",7
385,49.84347858624524,70.17857629358541,18.151499929613387,9.075749964806693,0.7759631904007893,"[270, 278, 330, 572, 936]",5
386,48.10424481098726,29.824579870551272,86.94312872948902,43.47156436474451,2.345109286082472,"[324, 424, 656, 693, 713, 971]",6
387,34.86651977183677,84.88330256044101,81.46345261265269,40.731726306326344,3.993419508397078,"[168, 240, 304, 500, 578, 588, 803]",7
388,84.73076883337349,41.44565348056797,17.112393768148905,8.556196884074453,3.3625636328019115,"[68, 208, 217, 353, 357, 373, 422, 457, 534, 761, 967, 995]",12
389,5.975791796039398,35.027120734485415,92.375108173271,46.1875540866355,3.8430658937804028,"[89, 187, 269, 503, 606, 791]",6
390,64.05645935212185,68.86483169837135,9.033176428924637,4.516588214462319,2.0579213643581915,"[282, 414, 415, 573, 583, 670, 919]",7
391,54.68681788063412,34.01007461241111,11.516699301619013,5.758349650809507,0.915630398897576,"[234, 244, 255, 452, 496, 650, 667, 671, 700, 882]",10
392,35.79839368611963,43.51419865163296,61.138038925689074,30.569019462844537,2.8895660747929455,"[134, 446, 610]",3
393,31.763187327394615,32.89537599189831,6.870706058751853,3.4353530293759267,0.16349944037607322,"[565, 690, 796, 808]",4
394,25.782169430853642,74.02449976749567,64.68981388552166,32.34490694276083,3.079156082711339,"[73, 77, 315, 332, 787]",5
395,76.89194362148217,85.65674676693013,73.43033026875393,36.71516513437697,3.9160436760032913,"[130, 150, 519, 775, 848]",5
396,89.88252193018174,58.67171662232342,60.874978696661316,30.437489348330658,0.13706816140891798,"[34, 40, 48, 52, 181, 335, 552, 553, 618, 839]",10
397,99.85265777083544,13.157599736614179,75.33298368000123,37.66649184000062,3.2840607804972355,"[265, 327, 685, 756, 963]",5
398,37.305452930520325,19.685205466531375,14.382189245102728,7.191094622551364,2.9944240233183113,"[37, 153, 440, 724, 862]",5
399,45.26535292056957,71.37177590011356,91.96372664092105,45.981863320460526,0.5863349446042267,"[0, 5, 270, 378, 571, 572, 674, 936, 943]",9
400,91.91710007237997,41.16264595084367,34.00036594024246,17.00018297012123,3.7722490424111164,"[228, 235, 316, 524, 534, 717, 777]",7
401,99.06516926063993,19.889221776744815,67.39964296043841,33.69982148021921,0.42598125508424145,"[149, 191, 265, 274, 327, 663, 756, 940, 944, 963]",10
402,65.09140038575057,82.73132277758496,70.02736191978643,35.013680959893215,1.669332568250383,"[18, 81, 127, 300, 539, 599, 776, 801]",8
403,38.30663595637696,39.31224152234171,61.0226227093277,30.51131135466385,3.5262690802899823,"[134, 309, 412, 637, 652]",5
404,92.90661572687678,5.352962020731811,22.254127491340387,11.127063745670194,0.44889726331315405,"[218, 237, 595, 785, 929]",5
405,19.3334640766914,34.66078106091718,53.120509849149265,26.560254924574632,2.5178449080366088,"[3, 110, 420, 460, 508, 577, 987]",7
406,73.21422191397015,89.01115413858071,98.96340153683012,49.48170076841506,2.6514259142284793,"[58, 130, 238, 481, 822]",5
407,84.5364518667763,77.8038846924699,34.215543725777636,17.107771862888818,3.502769080939692,"[69, 432, 569, 921]",4
408,4.276313794779885,0.036734375145786036,31.0045997919041,15.50229989595205,1.8483901185097995,"[60, 733, 878]",3
409,63.836289500067736,10.17702665445448,68.9359627143098,34.4679813571549,3.207263468238778,"[359, 426, 664]",3
410,18.53129195793668,41.51252548317939,54.39857404556443,27.199287022782215,1.8072280723379226,"[138, 418, 445, 577, 602, 825, 950, 966]",8
411,79.98299308884707,96.05223981193308,80.9005505807771,40.45027529038855,0.3119712715032983,"[10, 179, 223, 514, 706, 799, 945]",7
412,80.49355721591272,6.659633223555117,27.41718659794915,13.708593298974575,0.6123875873428912,"[167, 174, 317, 326, 363, 530, 649, 678]",8
413,19.751910684608543,52.831512705735065,68.8105364730311,34.40526823651555,1.881285129344164,"[157, 166, 591, 665, 816, 932, 990]",7
414,95.96956390292436,24.029232003016666,77.49832187420533,38.749160937102666,3.480728714028594,"[191, 233, 249, 274, 663, 900, 940, 944]",8
415,56.20661107547191,45.62225019615531,61.63752244402815,30.818761222014075,1.7152390806413718,"[146, 430, 853, 953]",4
416,55.519388232336944,41.693395212880155,43.04462247794273,21.522311238971366,2.7813858725581193,"[86, 452, 705, 859, 953]",5
417,9.285121306796796,16.654207272882083,85.86385481292538,42.93192740646269,3.084309387260752,"[476, 617, 704, 758, 840, 841, 879]",7
418,28.145372729439377,37.72689326657602,92.97251812970565,46.486259064852824,3.272308900695445,"[565, 754]",2
419,61.434629997963086,22.149017880295773,9.203937274950611,4.601968637475306,1.7250313873675927,"[76, 90, 723, 829, 863, 915, 918, 933]",8
420,67.26271392574618,82.84804905178515,86.00545554551559,43.002727772757794,0.13110360517345354,"[18, 300, 599, 776, 801, 974]",6
421,24.415703383687937,33.909458847740304,22.929560041141656,11.464780020570828,3.2119015134553512,"[533, 854, 904]",3
422,76.74657630849426,51.68330403809708,98.37801540960628,49.18900770480314,0.576234164363369,"[340, 384, 442, 448, 506, 659, 856]",7
423,89.96517033276689,11.646325416191615,20.502262023841467,10.251131011920734,2.784876801002475,"[35, 517, 595, 609]",4
424,10.956969204168931,56.584509541871086,44.92218596490209,22.461092982451046,2.9138958621640594,"[331, 557]",2
425,90.06752388088651,76.98715146690553,85.72053826001289,42.860269130006444,0.13178179412492952,"[69, 682, 964]",3
426,31.019549824420313,51.54330866863324,44.51556488982905,22.257782444914525,0.9250198119187538,"[50, 275, 398, 479, 488, 677, 814, 823]",8
427,30.78740979600233,94.54309703916057,32.9471835877784,16.4735917938892,1.415616440719143,"[85, 112, 371, 391, 562, 625, 697, 712, 720, 760, 831, 865, 901]",13
428,0.37097737500186856,84.50776272778745,19.70986682314978,9.85493341157489,0.8165771020549042,"[372, 614, 694]",3
429,25.526451709202558,88.46220568448426,24.6128840683999,12.30644203419995,3.1901054434717597,"[42, 142, 159, 348, 421, 450, 540, 613, 625, 627, 691, 720, 826, 831, 850, 865, 914]",17
430,80.80493403229045,92.70205687863958,15.978324792029827,7.989162396014914,0.8691158893513253,"[10, 114, 223, 514, 554, 706, 799, 810, 902, 945, 981]",11
431,74.28982920807213,19.600075428073904,32.20130695297766,16.10065347648883,0.6669663204454506,"[158, 296, 312, 329, 333, 407, 629, 924, 993]",9
432,17.26966861550493,48.15533546282057,15.41989090073106,7.70994545036553,1.2867904738544889,"[107, 152, 157, 418, 665, 816, 950, 990]",8
433,42.6593909598879,2.4548116523977592,41.891650815073,20.9458254075365,0.37648974434206783,[512],1
434,49.35785311461767,82.57381885570963,82.75010540726979,41.37505270363489,0.32179406214960204,"[143, 285, 377, 399, 469, 623, 730, 753, 780, 781]",10
435,60.12277576745202,83.45863819712365,27.607391578790356,13.803695789395178,3.0477060457983964,"[63, 81, 113, 127, 197, 539, 599, 683, 956]",9
436,89.07643464500933,80.61241514404442,15.19359799397293,7.596798996986465,0.03623999808953959,"[741, 896, 964]",3
437,19.172410992184563,27.047734094662324,63.53738410851615,31.768692054258075,1.5370927009692736,"[26, 203, 231, 977]",4
438,70.34070306614734,35.30749605216086,19.670415342187027,9.835207671093514,1.2507593739441405,"[17, 41, 289, 441, 828]",5
439,88.4324226389135,95.85323442450648,24.713709736400006,12.356854868200003,3.1538735480977653,"[97, 170, 226, 494, 684, 721, 793, 810, 844, 873, 892]",11
440,27.334873653987067,88.71315434314076,20.72683321564427,10.363416607822135,2.6638396747762276,"[42, 120, 142, 159, 348, 421, 450, 540, 562, 613, 625, 627, 691, 720, 826, 831, 850, 865, 914]",19
441,8.421126471318253,97.38933239738695,71.56016774085157,35.780083870425784,3.367262957620341,"[45, 75, 307, 434, 451, 846, 948]",7
442,56.66693393630345,47.68013639288602,64.07882718246469,32.039413591232346,2.114966046797792,"[146, 430, 778, 853, 953]",5
443,46.9384355145153,75.94502514576428,21.929090719230473,10.964545359615236,0.6846881926206341,"[270, 469, 635, 674, 753]",5
444,43.18426506497062,32.0747916044946,12.04182920173729,6.020914600868645,3.3778819696749376,"[135, 319, 395, 656, 693, 971]",6
445,77.16028066943498,54.39214998029848,98.03583104011506,49.01791552005753,0.29040026619042125,"[384, 448, 506, 659]",4
446,76.6669301027875,26.63703916090968,40.01689739463966,20.00844869731983,0.8771175408122702,"[67, 116, 291, 495, 864, 965, 993]",7
447,78.90378914618653,14.424010202156602,84.80158628485141,42.400793142425705,2.6463105929193356,"[219, 253, 279, 326, 329, 407, 649, 897, 916]",9
448,5.902324526911473,81.09817316001534,64.63679303548304,32.31839651774152,3.619929278313366,"[614, 688, 774, 857]",4
449,74.87223064086382,56.11209274297748,84.47198215882379,42.235991079411896,1.1122009532048884,"[303, 340, 383, 448, 506, 631, 659]",7
450,54.69500618445636,29.361681980341015,96.97941715359833,48.48970857679917,0.9047852033680255,"[154, 234, 244, 349, 424, 496, 667, 972]",8
451,1.5738239670462506,32.585484200379625,52.73839271213144,26.36919635606572,0.1134517369203003,"[1, 187, 269, 466, 503, 551, 710]",7
452,55.92483000339074,87.42827749512301,71.94955846958366,35.97477923479183,2.491873291913217,"[63, 113, 197, 401, 417, 485, 730, 772, 898, 925, 956]",11
453,95.59617507082513,95.82793338421058,83.30531462180672,41.65265731090336,2.430967389543404,"[104, 708, 743, 861, 873]",5
454,48.77645594977067,1.331611324646731,62.59488109152144,31.29744054576072,3.956352301427415,"[27, 443, 454, 512, 676, 734]",6
455,81.8101050024029,34.06046438843519,19.444467379220093,9.722233689610047,3.1362344578686163,"[68, 132, 232, 293, 695, 696, 703, 773, 867]",9
456,74.39378206317416,96.70467919793231,88.11002438423719,44.055012192118596,2.2226505010896296,"[58, 179, 337, 799]",4
457,10.128424696474214,48.350065838396006,34.80103013212012,17.40051506606006,2.049633928099359,"[22, 83, 107, 570, 752]",5
458,30.170157463965317,86.18229919755957,85.2110663283681,42.60553316418405,1.2618606286682237,"[42, 120, 142, 168, 240, 304, 348, 421, 500, 540, 588, 720, 877]",13
459,59.958134637399496,43.01808576390541,91.3638119177135,45.68190595885675,0.7494436057052911,"[136, 146, 252, 790, 922, 953]",6
460,69.77284017849593,97.03753278372166,21.651174358493567,10.825587179246783,0.8078657136968128,"[54, 337, 660]",3
461,69.37233386722279,77.91539245249139,51.60216020542361,25.801080102711804,2.4387458605884853,"[96, 300, 341, 458, 776, 837]",6
462,21.268240881182876,47.66142285673261,15.64682868311694,7.82341434155847,1.2856877011026588,"[80, 157, 166, 355, 418, 445, 585, 602, 665, 950, 966]",11
463,28.477970503095428,44.462536010242005,93.36200441315121,46.681002206575606,0.7250706485913696,[],0
464,40.13882466247205,61.55972191096447,94.92292317703016,47.46146158851508,0.5325927661430727,"[160, 431, 475, 492, 876, 930, 958]",7
465,91.78766169931136,8.105378863406154,50.67043273022512,25.33521636511256,1.8183594689219311,"[218, 595, 785, 929]",4
466,20.960272887719555,34.74596681158475,48.14570049309782,24.07285024654891,3.460845851642517,"[3, 110, 420, 508, 987]",5
467,95.50641453735598,51.89256786371652,87.65948007797007,43.82974003898504,2.4326863427071177,"[16, 100, 183, 484, 549, 698, 747, 989]",8
468,34.90873419876755,19.419420761346906,44.24780331936266,22.12390165968133,2.091297131695391,"[153, 251, 388, 440, 598, 724, 862]",7
469,4.444338825955619,14.584116587085072,62.0175202782368,31.0087601391184,0.9000063787086483,"[71, 72, 299, 476, 477, 507, 758, 840, 879, 928, 985]",11
470,83.73263760812975,32.69422497741906,14.959249689058833,7.4796248445294164,0.3341223542212681,"[132, 232, 293, 495, 696, 773, 867]",7
471,93.71230205317796,11.802031124187916,18.386427595395702,9.193213797697851,3.450664231731012,"[35, 609, 785]",3
472,25.4288130277344,66.59514107544162,82.58894026783967,41.29447013391984,2.4287225605207685,"[489, 632, 735, 755, 836, 910]",6
473,95.74885434478495,70.88828992608414,15.711393440847543,7.855696720423771,2.2336401061835196,"[56, 137, 568, 783, 794]",5
474,71.81865260891838,80.19572403734452,7.500526851988695,3.7502634259943477,2.875515661085698,"[18, 96, 300, 341, 458, 575, 776]",7
475,82.56808210194495,74.68338109353564,53.67316883728182,26.83658441864091,1.8320838523552117,"[69, 432, 569]",3
476,54.941858329981585,70.46436988266021,92.67685761008612,46.33842880504306,2.4681408425645,"[29, 87, 144, 241, 330, 788, 858, 996]",8
477,88.78343062834696,70.12568474457274,11.49195585669052,5.74597792834526,2.0033127600064873,"[56, 188, 425, 513, 527, 622]",6
478,28.648634831524234,28.517492813257228,38.8131173655185,19.40655868275925,1.2589310880019031,"[176, 192, 487, 533, 736, 744, 796, 808, 854]",9
479,57.860998011710016,68.3601500353557,30.53119177228987,15.265595886144935,0.5190504902735253,"[29, 144, 164, 241, 415, 583, 788, 809, 942]",9
480,5.88087209344621,57.57528450305522,22.68236580163523,11.341182900817614,0.036991976894797496,"[32, 118, 509, 786]",4
481,92.77530793237041,53.71404190832406,13.782577123462413,6.891288561731207,3.3716844485099413,"[16, 48, 100, 181, 463, 484, 549, 747, 866, 989]",10
482,98.32027382901181,44.86006620177172,9.036512782625026,4.518256391312513,0.470183763024254,"[316, 868, 870]",3
483,38.165374664543215,88.55226374488771,19.06367453138739,9.531837265693696,3.295960376010782,"[247, 803, 894, 923, 949]",5
484,1.4976260219019433,45.7388698785811,66.21772839030396,33.10886419515198,0.2415179281023856,"[405, 520, 800]",3
485,61.476275061648664,94.44041214695561,20.22469241297653,10.112346206488265,2.918445532141411,"[65, 99, 364, 433, 456, 545, 651, 672, 673, 680, 702, 845, 851, 969, 982]",15
486,60.90938979435434,18.511638887923056,5.589324397389773,2.7946621986948865,0.03713780202370831,"[76, 90, 121, 387, 423, 455, 574, 723, 863, 915, 933, 938]",12
487,53.20924091720286,94.27794095611935,66.20836960923319,33.104184804616594,2.8571993851749746,"[94, 245, 364, 467, 485, 497, 772, 874, 898, 925, 982]",11
488,49.38654869205371,58.18889426345698,17.00491490640733,8.502457453203665,3.507282481602523,"[46, 115, 117, 199, 510, 648, 891]",7
489,76.07926286668018,99.81989528446096,33.28368001778403,16.641840008892014,0.9080710871842315,"[10, 179, 337]",3
490,12.516165796134294,96.42097566160447,79.18409253966225,39.59204626983112,0.6652984548785548,"[45, 307]",2
491,55.26864711082139,41.37682080672768,19.39117074158832,9.69558537079416,0.6482919401198619,"[86, 452, 705, 859, 953]",5
492,96.34699947451857,30.49641829577222,94.4367327099746,47.2183663549873,0.3024426922603376,"[233, 406, 523]",3
493,46.080304229319054,12.96190485167601,5.454801597911356,2.727400798955678,2.2150642948243062,"[212, 322, 375, 436, 518, 580, 718, 725]",8
494,11.389410481136341,72.20245309336796,71.32105569215545,35.66052784607773,0.7053316298579566,"[165, 310, 461, 468, 715, 770, 947]",7
495,94.17421432655166,72.10434084324896,33.307175094908345,16.653587547454173,2.8369350558031625,"[56, 568, 682, 783, 794]",5
496,73.1930277681536,34.22263312509606,40.680913433838626,20.340456716919313,1.4364260306132004,"[17, 41, 207, 273, 441, 695, 703, 828]",8
497,61.66184435520741,90.04101465401794,21.453357441715823,10.726678720857912,3.5007984393452736,"[99, 113, 401, 433, 539, 672, 680]",7
498,2.76531565053425,66.03385959782224,44.37169295302095,22.185846476510473,3.165126208929975,"[7, 25, 49, 201, 504]",5
499,72.1198112930903,48.0107807145184,66.16708348864668,33.08354174432334,2.007092522799781,"[193, 276, 306, 340, 556, 642, 689, 701, 738, 961]",10
